{
  "project_info": {
    "project_number": "666562301436",
    "firebase_url": "https://quiz-app-ea487-default-rtdb.firebaseio.com",
    "project_id": "quiz-app-ea487",
    "storage_bucket": "quiz-app-ea487.appspot.com"
  },
  "client": [
    {
      "client_info": {
        "mobilesdk_app_id": "1:666562301436:android:2575d21cc8c577cb78b679",
        "android_client_info": {
          "package_name": "com.example.quizapp"
        }
      },
      "oauth_client": [
        {
          "client_id": "666562301436-qm8lschbo1rabmeagbuchh2ldlvc3iin.apps.googleusercontent.com",
          "client_type": 1,
          "android_info": {
            "package_name": "com.example.quizapp",
            "certificate_hash": "164108370f1daa6c626133d5d8126a24c26304d8"
          }
        },
        {
          "client_id": "666562301436-ev0ttfbmpme434d88u7tcvu1e29fvpb4.apps.googleusercontent.com",
          "client_type": 3
        }
      ],
      "api_key": [
        {
          "current_key": "AIzaSyAKfdB1tC-E-DDXO9f1wjrMriRUEfDrpn8"
        }
      ],
      "services": {
        "appinvite_service": {
          "other_platform_oauth_client": [
            {
              "client_id": "666562301436-ev0ttfbmpme434d88u7tcvu1e29fvpb4.apps.googleusercontent.com",
              "client_type": 3
            }
          ]
        }
      }
    }
  ],
  "configuration_version": "1"
}